prefix,next_char,count,prob
^^^,a,24,0.02888086642599278
^^^,b,106,0.12755716004813478
^^^,c,26,0.031287605294825514
^^^,d,32,0.03850782190132371
^^^,e,30,0.036101083032490974
^^^,f,34,0.04091456077015644
^^^,g,53,0.06377858002406739
^^^,h,86,0.10348977135980746
^^^,i,7,0.00842358604091456
^^^,j,9,0.010830324909747292
^^^,k,53,0.06377858002406739
^^^,l,46,0.05535499398315283
^^^,m,47,0.056558363417569195
^^^,n,30,0.036101083032490974
^^^,o,20,0.024067388688327317
^^^,p,24,0.02888086642599278
^^^,r,42,0.05054151624548736
^^^,s,72,0.08664259927797834
^^^,t,18,0.021660649819494584
^^^,u,9,0.010830324909747292
^^^,v,4,0.0048134777376654635
^^^,w,55,0.06618531889290012
^^^,y,1,0.0012033694344163659
^^^,z,3,0.0036101083032490976
^^a,a,1,0.041666666666666664
^^a,b,1,0.041666666666666664
^^a,c,1,0.041666666666666664
^^a,e,2,0.08333333333333333
^^a,h,1,0.041666666666666664
^^a,l,10,0.4166666666666667
^^a,m,1,0.041666666666666664
^^a,n,2,0.08333333333333333
^^a,r,1,0.041666666666666664
^^a,s,4,0.16666666666666666
^^b,a,7,0.0660377358490566
^^b,e,29,0.27358490566037735
^^b,i,18,0.16981132075471697
^^b,l,3,0.02830188679245283
^^b,o,21,0.19811320754716982
^^b,r,17,0.16037735849056603
^^b,u,10,0.09433962264150944
^^b,z,1,0.009433962264150943
^^c,a,5,0.19230769230769232
^^c,e,2,0.07692307692307693
^^c,h,1,0.038461538461538464
^^c,i,1,0.038461538461538464
^^c,l,8,0.3076923076923077
^^c,o,6,0.23076923076923078
^^c,r,3,0.11538461538461539
^^d,a,4,0.125
^^d,e,6,0.1875
^^d,i,9,0.28125
^^d,o,8,0.25
^^d,r,3,0.09375
^^d,u,2,0.0625
^^e,c,1,0.03333333333333333
^^e,h,4,0.13333333333333333
^^e,i,5,0.16666666666666666
^^e,l,4,0.13333333333333333
^^e,m,1,0.03333333333333333
^^e,n,2,0.06666666666666667
^^e,p,1,0.03333333333333333
^^e,r,5,0.16666666666666666
^^e,s,5,0.16666666666666666
^^e,t,1,0.03333333333333333
^^e,v,1,0.03333333333333333
^^f,e,6,0.17647058823529413
^^f,i,6,0.17647058823529413
^^f,l,5,0.14705882352941177
^^f,n,1,0.029411764705882353
^^f,o,6,0.17647058823529413
^^f,r,9,0.2647058823529412
^^f,u,1,0.029411764705882353
^^g,a,9,0.16981132075471697
^^g,e,5,0.09433962264150944
^^g,i,4,0.07547169811320754
^^g,o,11,0.20754716981132076
^^g,r,22,0.41509433962264153
^^g,u,2,0.03773584905660377
^^h,a,21,0.2441860465116279
^^h,e,21,0.2441860465116279
^^h,i,7,0.08139534883720931
^^h,o,27,0.313953488372093
^^h,t,1,0.011627906976744186
^^h,u,9,0.10465116279069768
^^i,m,2,0.2857142857142857
^^i,n,2,0.2857142857142857
^^i,r,1,0.14285714285714285
^^i,t,2,0.2857142857142857
^^j,a,1,0.1111111111111111
^^j,e,1,0.1111111111111111
^^j,n,1,0.1111111111111111
^^j,o,3,0.3333333333333333
^^j,u,3,0.3333333333333333
^^k,a,13,0.24528301886792453
^^k,e,6,0.11320754716981132
^^k,i,7,0.1320754716981132
^^k,l,4,0.07547169811320754
^^k,m,1,0.018867924528301886
^^k,n,3,0.05660377358490566
^^k,o,12,0.22641509433962265
^^k,r,6,0.11320754716981132
^^k,u,1,0.018867924528301886
^^l,a,14,0.30434782608695654
^^l,c,1,0.021739130434782608
^^l,e,14,0.30434782608695654
^^l,i,9,0.1956521739130435
^^l,o,4,0.08695652173913043
^^l,r,1,0.021739130434782608
^^l,u,3,0.06521739130434782
^^m,a,14,0.2978723404255319
^^m,e,14,0.2978723404255319
^^m,i,6,0.1276595744680851
^^m,l,2,0.0425531914893617
^^m,n,2,0.0425531914893617
^^m,o,7,0.14893617021276595
^^m,u,2,0.0425531914893617
^^n,a,3,0.1
^^n,e,9,0.3
^^n,i,10,0.3333333333333333
^^n,o,8,0.26666666666666666
^^o,b,11,0.55
^^o,e,3,0.15
^^o,h,1,0.05
^^o,l,2,0.1
^^o,p,1,0.05
^^o,s,2,0.1
^^p,a,4,0.16666666666666666
^^p,e,4,0.16666666666666666
^^p,f,1,0.041666666666666664
^^p,i,2,0.08333333333333333
^^p,l,3,0.125
^^p,o,4,0.16666666666666666
^^p,r,2,0.08333333333333333
^^p,t,2,0.08333333333333333
^^p,u,2,0.08333333333333333
^^r,a,3,0.07142857142857142
^^r,e,14,0.3333333333333333
^^r,i,5,0.11904761904761904
^^r,o,17,0.40476190476190477
^^r,u,3,0.07142857142857142
^^s,a,6,0.08333333333333333
^^s,c,36,0.5
^^s,e,6,0.08333333333333333
^^s,i,4,0.05555555555555555
^^s,o,3,0.041666666666666664
^^s,p,1,0.013888888888888888
^^s,t,13,0.18055555555555555
^^s,u,1,0.013888888888888888
^^s,y,2,0.027777777777777776
^^t,a,4,0.2222222222222222
^^t,h,1,0.05555555555555555
^^t,i,2,0.1111111111111111
^^t,o,2,0.1111111111111111
^^t,r,4,0.2222222222222222
^^t,t,2,0.1111111111111111
^^t,u,3,0.16666666666666666
^^u,e,3,0.3333333333333333
^^u,n,3,0.3333333333333333
^^u,r,2,0.2222222222222222
^^u,s,1,0.1111111111111111
^^v,e,1,0.25
^^v,i,2,0.5
^^v,u,1,0.25
^^w,a,15,0.2727272727272727
^^w,e,20,0.36363636363636365
^^w,i,11,0.2
^^w,o,8,0.14545454545454545
^^w,u,1,0.01818181818181818
^^y,a,1,1
^^z,a,2,0.6666666666666666
^^z,i,1,0.3333333333333333
^aa,l,1,1
^ab,w,1,1
^ac,i,1,1
^ae,c,1,0.5
^ae,s,1,0.5
^ah,n,1,1
^al,b,1,0.1
^al,e,1,0.1
^al,l,1,0.1
^al,r,1,0.1
^al,s,1,0.1
^al,t,3,0.3
^al,z,2,0.2
^am,b,1,1
^an,g,1,0.5
^an,s,1,0.5
^ar,s,1,1
^as,p,1,0.25
^as,s,3,0.75
^ba,m,1,0.14285714285714285
^ba,n,1,0.14285714285714285
^ba,s,4,0.5714285714285714
^ba,v,1,0.14285714285714285
^be,a,1,0.034482758620689655
^be,c,2,0.06896551724137931
^be,g,1,0.034482758620689655
^be,h,1,0.034482758620689655
^be,i,3,0.10344827586206896
^be,l,3,0.10344827586206896
^be,r,12,0.41379310344827586
^be,t,5,0.1724137931034483
^be,y,1,0.034482758620689655
^bi,c,1,0.05555555555555555
^bi,e,2,0.1111111111111111
^bi,g,2,0.1111111111111111
^bi,l,3,0.16666666666666666
^bi,n,1,0.05555555555555555
^bi,r,2,0.1111111111111111
^bi,s,2,0.1111111111111111
^bi,v,2,0.1111111111111111
^bi,w,3,0.16666666666666666
^bl,a,1,0.3333333333333333
^bl,e,1,0.3333333333333333
^bl,u,1,0.3333333333333333
^bo,c,2,0.09523809523809523
^bo,e,1,0.047619047619047616
^bo,f,1,0.047619047619047616
^bo,h,1,0.047619047619047616
^bo,m,1,0.047619047619047616
^bo,n,2,0.09523809523809523
^bo,r,2,0.09523809523809523
^bo,u,10,0.47619047619047616
^bo,x,1,0.047619047619047616
^br,a,6,0.35294117647058826
^br,c,1,0.058823529411764705
^br,e,5,0.29411764705882354
^br,i,2,0.11764705882352941
^br,o,2,0.11764705882352941
^br,u,1,0.058823529411764705
^bu,c,1,0.1
^bu,d,2,0.2
^bu,e,1,0.1
^bu,r,3,0.3
^bu,s,2,0.2
^bu,u,1,0.1
^bz,e,1,1
^ca,l,1,0.2
^ca,n,1,0.2
^ca,p,2,0.4
^ca,r,1,0.2
^ce,n,1,0.5
^ce,s,1,0.5
^ch,r,1,1
^ci,n,1,1
^cl,a,3,0.375
^cl,e,4,0.5
^cl,o,1,0.125
^co,l,3,0.5
^co,n,3,0.5
^cr,a,1,0.3333333333333333
^cr,e,1,0.3333333333333333
^cr,u,1,0.3333333333333333
^da,h,2,0.5
^da,l,1,0.25
^da,u,1,0.25
^de,i,1,0.16666666666666666
^de,l,4,0.6666666666666666
^de,r,1,0.16666666666666666
^di,c,1,0.1111111111111111
^di,e,2,0.2222222222222222
^di,f,1,0.1111111111111111
^di,g,1,0.1111111111111111
^di,l,1,0.1111111111111111
^di,p,1,0.1111111111111111
^di,r,2,0.2222222222222222
^do,e,1,0.125
^do,m,1,0.125
^do,n,3,0.375
^do,r,2,0.25
^do,s,1,0.125
^dr,a,1,0.3333333333333333
^dr,e,1,0.3333333333333333
^dr,i,1,0.3333333333333333
^du,d,1,0.5
^du,n,1,0.5
^ec,h,1,1
^eh,l,2,0.5
^eh,n,2,0.5
^ei,c,1,0.2
^ei,s,4,0.8
^el,l,2,0.5
^el,t,1,0.25
^el,v,1,0.25
^em,e,1,1
^en,s,1,0.5
^en,t,1,0.5
^ep,p,1,1
^er,m,1,0.2
^er,n,2,0.4
^er,p,1,0.2
^er,s,1,0.2
^es,c,3,0.6
^es,e,1,0.2
^es,s,1,0.2
^et,t,1,1
^ev,e,1,1
^fe,n,4,0.6666666666666666
^fe,t,1,0.16666666666666666
^fe,u,1,0.16666666666666666
^fi,e,1,0.16666666666666666
^fi,l,1,0.16666666666666666
^fi,n,3,0.5
^fi,s,1,0.16666666666666666
^fl,a,2,0.4
^fl,e,2,0.4
^fl,i,1,0.2
^fn,s,1,1
^fo,e,1,0.16666666666666666
^fo,l,2,0.3333333333333333
^fo,o,1,0.16666666666666666
^fo,s,1,0.16666666666666666
^fo,u,1,0.16666666666666666
^fr,a,1,0.1111111111111111
^fr,e,1,0.1111111111111111
^fr,i,5,0.5555555555555556
^fr,o,2,0.2222222222222222
^fu,u,1,1
^ga,a,1,0.1111111111111111
^ga,i,2,0.2222222222222222
^ga,n,1,0.1111111111111111
^ga,r,3,0.3333333333333333
^ga,s,2,0.2222222222222222
^ge,b,1,0.2
^ge,h,1,0.2
^ge,i,2,0.4
^ge,y,1,0.2
^gi,l,1,0.25
^gi,r,2,0.5
^gi,v,1,0.25
^go,d,1,0.09090909090909091
^go,e,6,0.5454545454545454
^go,n,1,0.09090909090909091
^go,s,2,0.18181818181818182
^go,u,1,0.09090909090909091
^gr,a,3,0.13636363636363635
^gr,e,9,0.4090909090909091
^gr,i,2,0.09090909090909091
^gr,o,3,0.13636363636363635
^gr,u,5,0.22727272727272727
^gu,l,1,0.5
^gu,t,1,0.5
^ha,a,2,0.09523809523809523
^ha,c,1,0.047619047619047616
^ha,e,2,0.09523809523809523
^ha,f,1,0.047619047619047616
^ha,g,2,0.09523809523809523
^ha,k,1,0.047619047619047616
^ha,l,2,0.09523809523809523
^ha,m,3,0.14285714285714285
^ha,r,2,0.09523809523809523
^ha,s,1,0.047619047619047616
^ha,u,4,0.19047619047619047
^he,c,1,0.047619047619047616
^he,e,3,0.14285714285714285
^he,f,1,0.047619047619047616
^he,i,7,0.3333333333333333
^he,l,3,0.14285714285714285
^he,m,1,0.047619047619047616
^he,r,4,0.19047619047619047
^he,s,1,0.047619047619047616
^hi,e,3,0.42857142857142855
^hi,n,2,0.2857142857142857
^hi,r,1,0.14285714285714285
^hi,v,1,0.14285714285714285
^ho,b,1,0.037037037037037035
^ho,e,2,0.07407407407407407
^ho,f,2,0.07407407407407407
^ho,h,1,0.037037037037037035
^ho,l,6,0.2222222222222222
^ho,m,1,0.037037037037037035
^ho,n,1,0.037037037037037035
^ho,r,1,0.037037037037037035
^ho,s,4,0.14814814814814814
^ho,u,6,0.2222222222222222
^ho,v,1,0.037037037037037035
^ho,w,1,0.037037037037037035
^ht,t,1,1
^hu,b,1,0.1111111111111111
^hu,e,2,0.2222222222222222
^hu,l,1,0.1111111111111111
^hu,n,2,0.2222222222222222
^hu,p,1,0.1111111111111111
^hu,t,1,0.1111111111111111
^hu,u,1,0.1111111111111111
^im,b,1,0.5
^im,e,1,0.5
^in,g,1,0.5
^in,s,1,0.5
^ir,b,1,1
^it,a,1,0.5
^it,z,1,0.5
^ja,c,1,1
^je,n,1,1
^jn,k,1,1
^jo,c,1,0.3333333333333333
^jo,n,1,0.3333333333333333
^jo,u,1,0.3333333333333333
^ju,c,1,0.3333333333333333
^ju,n,2,0.6666666666666666
^ka,a,1,0.07692307692307693
^ka,e,2,0.15384615384615385
^ka,f,1,0.07692307692307693
^ka,h,1,0.07692307692307693
^ka,l,2,0.15384615384615385
^ka,p,3,0.23076923076923078
^ka,u,2,0.15384615384615385
^ka,y,1,0.07692307692307693
^ke,h,2,0.3333333333333333
^ke,i,2,0.3333333333333333
^ke,l,1,0.16666666666666666
^ke,r,1,0.16666666666666666
^ki,i,1,0.14285714285714285
^ki,n,1,0.14285714285714285
^ki,r,4,0.5714285714285714
^ki,s,1,0.14285714285714285
^kl,e,3,0.75
^kl,i,1,0.25
^km,p,1,1
^kn,a,1,0.3333333333333333
^kn,e,2,0.6666666666666666
^ko,b,1,0.08333333333333333
^ko,c,3,0.25
^ko,e,5,0.4166666666666667
^ko,h,1,0.08333333333333333
^ko,o,1,0.08333333333333333
^ko,p,1,0.08333333333333333
^kr,a,1,0.16666666666666666
^kr,e,2,0.3333333333333333
^kr,i,1,0.16666666666666666
^kr,k,1,0.16666666666666666
^kr,o,1,0.16666666666666666
^ku,b,1,1
^la,a,2,0.14285714285714285
^la,l,1,0.07142857142857142
^la,m,2,0.14285714285714285
^la,n,5,0.35714285714285715
^la,r,1,0.07142857142857142
^la,s,1,0.07142857142857142
^la,u,2,0.14285714285714285
^lc,k,1,1
^le,e,1,0.07142857142857142
^le,h,1,0.07142857142857142
^le,i,2,0.14285714285714285
^le,l,5,0.35714285714285715
^le,n,2,0.14285714285714285
^le,p,1,0.07142857142857142
^le,u,1,0.07142857142857142
^le,v,1,0.07142857142857142
^li,e,2,0.2222222222222222
^li,l,1,0.1111111111111111
^li,m,2,0.2222222222222222
^li,n,2,0.2222222222222222
^li,p,1,0.1111111111111111
^li,v,1,0.1111111111111111
^lo,e,1,0.25
^lo,n,1,0.25
^lo,o,1,0.25
^lo,r,1,0.25
^lr,e,1,1
^lu,l,2,0.6666666666666666
^lu,x,1,0.3333333333333333
^ma,a,1,0.07142857142857142
^ma,c,1,0.07142857142857142
^ma,m,1,0.07142857142857142
^ma,n,2,0.14285714285714285
^ma,r,6,0.42857142857142855
^ma,s,2,0.14285714285714285
^ma,u,1,0.07142857142857142
^me,c,1,0.07142857142857142
^me,d,2,0.14285714285714285
^me,i,1,0.07142857142857142
^me,n,1,0.07142857142857142
^me,r,7,0.5
^me,s,1,0.07142857142857142
^me,y,1,0.07142857142857142
^mi,c,3,0.5
^mi,e,2,0.3333333333333333
^mi,s,1,0.16666666666666666
^ml,l,2,1
^mn,s,2,1
^mo,e,3,0.42857142857142855
^mo,m,1,0.14285714285714285
^mo,n,1,0.14285714285714285
^mo,s,1,0.14285714285714285
^mo,u,1,0.14285714285714285
^mu,h,1,0.5
^mu,n,1,0.5
^na,c,1,0.3333333333333333
^na,g,1,0.3333333333333333
^na,p,1,0.3333333333333333
^ne,i,6,0.6666666666666666
^ne,u,3,0.3333333333333333
^ni,e,10,1
^no,c,1,0.125
^no,e,3,0.375
^no,m,1,0.125
^no,s,1,0.125
^no,t,1,0.125
^no,u,1,0.125
^ob,e,11,1
^oe,n,1,0.3333333333333333
^oe,s,1,0.3333333333333333
^oe,t,1,0.3333333333333333
^oh,l,1,1
^ol,i,1,0.5
^ol,m,1,0.5
^op,e,1,1
^os,p,1,0.5
^os,w,1,0.5
^pa,f,1,0.25
^pa,l,1,0.25
^pa,r,2,0.5
^pe,c,1,0.25
^pe,p,1,0.25
^pe,r,1,0.25
^pe,t,1,0.25
^pf,a,1,1
^pi,n,1,0.5
^pi,s,1,0.5
^pl,a,2,0.6666666666666666
^pl,e,1,0.3333333333333333
^po,m,1,0.25
^po,n,1,0.25
^po,t,1,0.25
^po,u,1,0.25
^pr,a,1,0.5
^pr,e,1,0.5
^pt,a,1,0.5
^pt,r,1,0.5
^pu,l,1,0.5
^pu,t,1,0.5
^ra,e,1,0.3333333333333333
^ra,m,2,0.6666666666666666
^re,c,3,0.21428571428571427
^re,d,1,0.07142857142857142
^re,i,5,0.35714285714285715
^re,m,3,0.21428571428571427
^re,u,2,0.14285714285714285
^ri,e,1,0.2
^ri,n,2,0.4
^ri,p,2,0.4
^ro,d,6,0.35294117647058826
^ro,e,3,0.17647058823529413
^ro,l,3,0.17647058823529413
^ro,o,2,0.11764705882352941
^ro,s,1,0.058823529411764705
^ro,u,2,0.11764705882352941
^ru,e,1,0.3333333333333333
^ru,m,2,0.6666666666666666
^sa,e,1,0.16666666666666666
^sa,n,2,0.3333333333333333
^sa,s,1,0.16666666666666666
^sa,u,1,0.16666666666666666
^sa,v,1,0.16666666666666666
^sc,h,36,1
^se,i,1,0.16666666666666666
^se,l,2,0.3333333333333333
^se,n,2,0.3333333333333333
^se,p,1,0.16666666666666666
^si,e,1,0.25
^si,m,3,0.75
^so,l,1,0.3333333333333333
^so,m,1,0.3333333333333333
^so,n,1,0.3333333333333333
^sp,r,1,1
^st,a,2,0.15384615384615385
^st,e,5,0.38461538461538464
^st,o,3,0.23076923076923078
^st,r,2,0.15384615384615385
^st,u,1,0.07692307692307693
^su,r,1,1
^sy,r,2,1
^ta,d,1,0.25
^ta,n,1,0.25
^ta,r,1,0.25
^ta,t,1,0.25
^th,i,1,1
^ti,n,2,1
^to,c,1,0.5
^to,m,1,0.5
^tr,e,1,0.25
^tr,i,1,0.25
^tr,o,2,0.5
^tt,a,1,0.5
^tt,e,1,0.5
^tu,b,1,0.3333333333333333
^tu,n,1,0.3333333333333333
^tu,r,1,0.3333333333333333
^ue,b,1,0.3333333333333333
^ue,c,1,0.3333333333333333
^ue,r,1,0.3333333333333333
^un,i,1,0.3333333333333333
^un,t,2,0.6666666666666666
^ur,e,1,0.5
^ur,s,1,0.5
^us,e,1,1
^ve,s,1,1
^vi,a,1,0.5
^vi,c,1,0.5
^vu,g,1,1
^wa,h,2,0.13333333333333333
^wa,k,1,0.06666666666666667
^wa,l,6,0.4
^wa,n,1,0.06666666666666667
^wa,r,2,0.13333333333333333
^wa,s,1,0.06666666666666667
^wa,t,2,0.13333333333333333
^we,b,1,0.05
^we,c,1,0.05
^we,i,10,0.5
^we,l,5,0.25
^we,m,1,0.05
^we,y,2,0.1
^wi,c,2,0.18181818181818182
^wi,l,5,0.45454545454545453
^wi,n,4,0.36363636363636365
^wo,b,1,0.125
^wo,l,5,0.625
^wo,r,1,0.125
^wo,u,1,0.125
^wu,e,1,1
^ya,s,1,1
^za,a,1,0.5
^za,e,1,0.5
^zi,t,1,1
aac,h,19,1
aal,b,1,0.5
aal,g,1,0.5
aan,g,3,0.75
aan,s,1,0.25
aar,d,3,1
aas,s,1,1
aba,c,2,1
abw,e,1,1
ach,$,61,0.8840579710144928
ach,e,3,0.043478260869565216
ach,i,1,0.014492753623188406
ach,t,4,0.057971014492753624
aci,r,1,1
ack,e,1,1
aco,b,1,1
ade,l,1,1
adl,e,1,1
adt,b,1,1
aec,h,1,1
aek,a,1,1
ael,b,1,1
aem,e,1,1
aep,e,1,1
aer,e,2,1
aes,b,1,0.3333333333333333
aes,f,1,0.3333333333333333
aes,s,1,0.3333333333333333
aeu,l,1,1
afe,b,1,1
aff,$,56,0.9491525423728814
aff,b,1,0.01694915254237288
aff,e,1,0.01694915254237288
aff,i,1,0.01694915254237288
age,$,3,0.5
age,l,1,0.16666666666666666
age,m,1,0.16666666666666666
age,n,1,0.16666666666666666
ahl,$,3,0.5
ahl,e,2,0.3333333333333333
ahl,h,1,0.16666666666666666
ahn,$,1,1
aic,h,2,1
aid,e,1,1
ain,$,2,0.3333333333333333
ain,e,4,0.6666666666666666
air,$,1,0.5
air,e,1,0.5
ais,c,2,1
ake,l,3,0.6
ake,n,1,0.2
ake,r,1,0.2
alb,a,2,0.6666666666666666
alb,o,1,0.3333333333333333
ald,$,8,0.6666666666666666
ald,b,3,0.25
ald,h,1,0.08333333333333333
ale,b,1,0.3333333333333333
ale,r,2,0.6666666666666666
alf,e,1,1
alg,e,1,1
alh,e,1,1
ali,e,1,0.5
ali,n,1,0.5
alk,e,1,1
all,$,3,0.375
all,e,5,0.625
alm,u,1,1
alr,o,1,1
als,c,1,0.5
als,d,1,0.5
alt,$,1,0.25
alt,l,1,0.25
alt,r,1,0.25
alt,w,1,0.25
alz,e,1,0.5
alz,i,1,0.5
ama,d,1,1
amb,e,1,0.3333333333333333
amb,o,1,0.3333333333333333
amb,r,1,0.3333333333333333
ame,l,1,0.25
ame,r,1,0.25
ame,s,2,0.5
amh,a,1,1
ami,v,1,1
amm,$,1,1
amp,a,3,0.75
amp,s,1,0.25
ana,c,1,1
and,$,2,0.18181818181818182
and,e,6,0.5454545454545454
and,h,1,0.09090909090909091
and,s,1,0.09090909090909091
and,w,1,0.09090909090909091
ane,b,1,0.3333333333333333
ane,m,1,0.3333333333333333
ane,r,1,0.3333333333333333
ang,$,1,0.011111111111111112
ang,e,89,0.9888888888888889
ank,e,2,1
ann,e,3,0.75
ann,t,1,0.25
ans,b,1,0.5
ans,e,1,0.5
ant,e,2,1
anv,e,2,1
anz,e,1,1
ape,l,1,0.3333333333333333
ape,n,2,0.6666666666666666
aph,o,1,1
apo,l,1,1
app,$,2,1
apw,e,1,1
ara,g,2,1
arb,a,1,0.3333333333333333
arb,e,1,0.3333333333333333
arb,o,1,0.3333333333333333
arc,$,1,0.5
arc,h,1,0.5
ard,$,3,0.6
ard,m,1,0.2
ard,t,1,0.2
are,$,1,0.5
are,l,1,0.5
ari,e,1,1
ark,$,2,0.6666666666666666
ark,e,1,0.3333333333333333
arl,a,1,1
arm,$,1,1
arn,a,1,0.5
arn,i,1,0.5
aro,c,1,1
ars,c,1,0.5
ars,d,1,0.5
art,e,1,0.5
art,h,1,0.5
arx,b,1,1
asa,u,1,1
asb,e,1,1
asc,h,5,1
ash,a,1,1
asp,e,2,1
ass,$,1,0.07142857142857142
ass,e,11,0.7857142857142857
ass,g,1,0.07142857142857142
ass,i,1,0.07142857142857142
ast,e,1,1
ate,n,1,1
atr,a,1,1
ats,c,2,1
att,e,2,1
atz,$,1,0.5
atz,b,1,0.5
aue,r,1,1
auf,f,1,0.5
auf,o,1,0.5
aul,$,2,0.5
aul,i,1,0.25
aul,u,1,0.25
aun,d,2,1
aup,e,1,1
aus,$,1,0.08333333333333333
aus,d,1,0.08333333333333333
aus,e,9,0.75
aus,h,1,0.08333333333333333
aut,b,1,0.2
aut,c,1,0.2
aut,e,2,0.4
aut,h,1,0.2
auv,a,1,1
aux,$,2,1
ave,l,1,1
avi,g,1,1
axw,e,1,1
ayl,$,1,1
baa,c,18,1
bac,h,30,1
bam,b,1,1
ban,z,1,1
bas,b,1,0.25
bas,c,2,0.5
bas,t,1,0.25
bat,s,1,1
bav,i,1,1
bea,u,1,1
bec,h,5,0.8333333333333334
bec,k,1,0.16666666666666666
beg,g,1,1
beh,l,1,1
bei,d,1,0.25
bei,l,1,0.25
bei,n,1,0.25
bei,r,1,0.25
bel,a,1,0.16666666666666666
bel,l,2,0.3333333333333333
bel,s,1,0.16666666666666666
bel,v,2,0.3333333333333333
ben,a,1,0.5
ben,b,1,0.5
ber,a,1,0.025
ber,b,1,0.025
ber,c,2,0.05
ber,d,2,0.05
ber,e,2,0.05
ber,f,1,0.025
ber,g,17,0.425
ber,h,1,0.025
ber,i,2,0.05
ber,l,1,0.025
ber,p,1,0.025
ber,s,6,0.15
ber,t,2,0.05
ber,w,1,0.025
bet,t,6,0.8571428571428571
bet,z,1,0.14285714285714285
bey,r,1,1
bic,h,4,1
bie,r,22,1
big,e,1,0.5
big,o,1,0.5
bil,$,1,0.2
bil,l,3,0.6
bil,s,1,0.2
bin,s,1,1
bir,e,1,0.5
bir,t,1,0.5
bis,c,1,0.3333333333333333
bis,h,1,0.3333333333333333
bis,s,1,0.3333333333333333
biv,a,1,0.5
biv,e,1,0.5
biw,e,2,0.6666666666666666
biw,i,1,0.3333333333333333
bla,n,1,0.5
bla,s,1,0.5
ble,e,1,1
blu,m,1,1
boc,k,2,1
boe,s,24,0.96
boe,v,1,0.04
bof,f,1,1
boh,e,1,1
bom,b,1,1
bon,n,2,1
bor,n,13,1
bou,c,1,0.03571428571428571
bou,d,2,0.07142857142857142
bou,f,1,0.03571428571428571
bou,l,1,0.03571428571428571
bou,m,1,0.03571428571428571
bou,r,20,0.7142857142857143
bou,s,2,0.07142857142857142
box,h,1,1
bra,c,1,0.125
bra,k,1,0.125
bra,m,1,0.125
bra,n,4,0.5
bra,t,1,0.125
brc,h,1,1
bre,c,1,0.125
bre,d,2,0.25
bre,i,3,0.375
bre,l,1,0.125
bre,s,1,0.125
bri,d,1,0.3333333333333333
bri,l,1,0.3333333333333333
bri,n,1,0.3333333333333333
bro,d,1,0.25
bro,u,3,0.75
bru,c,2,1
bsa,n,1,1
bsb,i,1,1
bsc,h,1,1
buc,h,2,1
bud,e,2,1
bue,r,1,1
bur,$,1,0.25
bur,a,1,0.25
bur,d,1,0.25
bur,m,1,0.25
bus,c,4,1
buu,r,1,1
bwe,i,1,1
bze,b,1,1
cal,m,1,1
can,a,1,0.5
can,g,1,0.5
cap,$,1,0.5
cap,e,1,0.5
car,e,1,1
cen,t,1,1
ces,s,1,1
cha,m,1,0.25
cha,n,1,0.25
cha,r,2,0.5
chb,a,7,0.7777777777777778
chb,e,2,0.2222222222222222
chd,a,1,0.3333333333333333
chd,o,2,0.6666666666666666
che,b,1,0.013513513513513514
che,c,2,0.02702702702702703
che,i,29,0.3918918918918919
che,l,6,0.08108108108108109
che,m,1,0.013513513513513514
che,n,11,0.14864864864864866
che,r,15,0.20270270270270271
che,t,5,0.06756756756756757
che,u,4,0.05405405405405406
chh,a,6,0.75
chh,o,2,0.25
chi,e,3,0.42857142857142855
chi,f,1,0.14285714285714285
chi,l,1,0.14285714285714285
chi,m,1,0.14285714285714285
chi,v,1,0.14285714285714285
chl,a,2,0.15384615384615385
chl,e,6,0.46153846153846156
chl,i,5,0.38461538461538464
chm,e,1,0.3333333333333333
chm,i,1,0.3333333333333333
chm,t,1,0.3333333333333333
chn,e,1,1
cho,c,1,0.2
cho,e,1,0.2
cho,o,1,0.2
cho,r,1,0.2
cho,u,1,0.2
chp,e,1,1
chr,a,1,0.25
chr,i,1,0.25
chr,o,2,0.5
cht,$,8,0.3333333333333333
cht,e,12,0.5
cht,g,1,0.041666666666666664
cht,h,1,0.041666666666666664
cht,m,1,0.041666666666666664
cht,u,1,0.041666666666666664
chu,l,1,0.5
chu,t,1,0.5
chw,a,1,0.14285714285714285
chw,e,5,0.7142857142857143
chw,i,1,0.14285714285714285
cin,q,1,1
cir,i,1,1
cka,n,1,1
cke,b,1,0.05263157894736842
cke,i,1,0.05263157894736842
cke,l,7,0.3684210526315789
cke,m,1,0.05263157894736842
cke,n,4,0.21052631578947367
cke,r,5,0.2631578947368421
ckh,o,1,1
cki,n,1,1
ckm,i,2,0.6666666666666666
ckm,u,1,0.3333333333333333
ckr,a,1,1
ckt,$,1,1
ckw,e,1,1
cla,i,1,0.3333333333333333
cla,u,2,0.6666666666666666
cle,m,2,0.5
cle,r,2,0.5
clo,s,1,1
cob,s,1,1
col,b,1,0.25
col,m,2,0.5
col,s,1,0.25
con,s,2,0.6666666666666666
con,t,1,0.3333333333333333
cor,n,2,1
cra,n,1,0.5
cra,u,1,0.5
cre,n,1,1
cru,c,1,1
dah,l,3,1
dal,$,1,0.25
dal,h,1,0.25
dal,l,2,0.5
dan,g,22,1
dau,n,1,1
dba,c,2,1
dbi,e,1,0.5
dbi,l,1,0.5
dbo,e,1,1
dbr,a,1,0.5
dbr,e,1,0.5
dbu,s,1,1
dei,f,1,1
del,$,5,0.29411764705882354
del,a,4,0.23529411764705882
del,b,1,0.058823529411764705
del,l,3,0.17647058823529413
del,s,1,0.058823529411764705
del,t,3,0.17647058823529413
den,$,4,0.5
den,b,2,0.25
den,h,1,0.125
den,t,1,0.125
der,$,4,0.13793103448275862
der,a,2,0.06896551724137931
der,b,1,0.034482758620689655
der,c,2,0.06896551724137931
der,d,2,0.06896551724137931
der,e,1,0.034482758620689655
der,f,1,0.034482758620689655
der,g,1,0.034482758620689655
der,h,1,0.034482758620689655
der,m,2,0.06896551724137931
der,n,1,0.034482758620689655
der,p,1,0.034482758620689655
der,s,8,0.27586206896551724
der,w,2,0.06896551724137931
des,c,4,1
dfe,l,1,1
dge,n,2,1
dha,f,3,0.6
dha,u,2,0.4
dho,f,2,1
dic,k,2,1
die,k,1,0.5
die,v,1,0.5
dif,f,1,1
dig,$,1,0.5
dig,g,1,0.5
dil,l,1,1
dim,u,2,1
din,g,3,1
dip,p,1,1
dir,b,2,1
dkn,u,1,1
dle,r,3,1
dme,s,1,1
dmu,h,1,1
doe,n,1,1
dom,m,1,1
don,c,1,0.2
don,d,1,0.2
don,v,2,0.4
don,w,1,0.2
dor,f,31,0.9117647058823529
dor,n,1,0.029411764705882353
dor,s,2,0.058823529411764705
dos,t,1,1
dra,u,1,1
dre,i,1,1
dri,n,1,1
dsc,h,3,1
dsj,a,1,1
dtb,r,1,1
dud,e,1,1
due,r,1,1
dun,k,1,1
dwe,i,4,1
eau,f,1,1
eba,a,1,0.5
eba,c,1,0.5
ebe,l,1,0.25
ebe,n,1,0.25
ebe,r,2,0.5
ebi,c,1,0.125
ebi,e,7,0.875
ebl,a,1,1
ebo,e,10,0.9090909090909091
ebo,u,1,0.09090909090909091
ebr,a,1,1
ebs,a,1,1
ech,$,5,0.4166666666666667
ech,e,2,0.16666666666666666
ech,t,5,0.4166666666666667
eck,$,2,0.15384615384615385
eck,a,1,0.07692307692307693
eck,e,9,0.6923076923076923
eck,i,1,0.07692307692307693
eda,n,3,1
edb,u,1,1
ede,r,11,1
edg,e,1,1
edi,m,2,0.6666666666666666
edi,n,1,0.3333333333333333
edk,n,1,1
eds,c,1,1
edt,$,1,1
eed,k,1,0.5
eed,s,1,0.5
een,r,1,1
ees,$,1,0.3333333333333333
ees,b,2,0.6666666666666666
eff,i,1,1
efo,n,1,1
efr,a,1,1
efs,m,1,1
eft,g,1,1
ege,n,1,1
egg,e,1,1
egr,o,1,1
eha,a,1,1
ehl,a,1,0.2
ehl,e,4,0.8
ehm,e,1,1
ehn,e,2,1
eho,f,1,1
ehr,h,1,1
eib,o,1,0.5
eib,u,1,0.5
eic,h,4,1
eid,$,20,0.5405405405405406
eid,b,1,0.02702702702702703
eid,e,8,0.21621621621621623
eid,f,1,0.02702702702702703
eid,g,1,0.02702702702702703
eid,h,1,0.02702702702702703
eid,i,2,0.05405405405405406
eid,u,1,0.02702702702702703
eid,w,2,0.05405405405405406
eie,r,5,1
eif,$,1,0.25
eif,f,2,0.5
eif,m,1,0.25
eih,a,2,0.6666666666666666
eih,o,1,0.3333333333333333
eil,e,18,1
eim,$,2,0.2857142857142857
eim,b,1,0.14285714285714285
eim,e,3,0.42857142857142855
eim,i,1,0.14285714285714285
ein,$,1,0.1
ein,b,1,0.1
ein,e,2,0.2
ein,f,1,0.1
ein,h,2,0.2
ein,m,2,0.2
ein,s,1,0.1
eir,e,1,0.5
eir,o,1,0.5
eis,b,1,0.05555555555555555
eis,c,4,0.2222222222222222
eis,d,2,0.1111111111111111
eis,e,5,0.2777777777777778
eis,p,3,0.16666666666666666
eis,s,2,0.1111111111111111
eis,w,1,0.05555555555555555
eit,e,3,0.6
eit,h,1,0.2
eit,r,1,0.2
eiv,e,1,1
eiw,e,2,1
eiz,b,1,0.5
eiz,e,1,0.5
eka,u,2,1
eki,r,1,1
ela,i,2,0.2
ela,n,7,0.7
ela,u,1,0.1
elb,a,6,0.375
elb,i,3,0.1875
elb,o,5,0.3125
elb,r,2,0.125
eld,$,2,0.15384615384615385
eld,a,8,0.6153846153846154
eld,o,2,0.15384615384615385
eld,t,1,0.07692307692307693
ele,r,3,1
elf,r,1,1
eli,n,1,1
ell,$,2,0.11764705882352941
ell,a,4,0.23529411764705882
ell,e,6,0.35294117647058826
ell,h,1,0.058823529411764705
ell,i,4,0.23529411764705882
elm,d,1,0.5
elm,s,1,0.5
els,$,5,0.15625
els,b,5,0.15625
els,c,9,0.28125
els,d,2,0.0625
els,e,2,0.0625
els,h,5,0.15625
els,m,4,0.125
elt,$,14,0.7777777777777778
elt,a,1,0.05555555555555555
elt,e,1,0.05555555555555555
elt,z,2,0.1111111111111111
elv,a,3,1
elz,$,2,1
emb,o,5,1
eme,n,2,0.3333333333333333
eme,r,4,0.6666666666666666
emh,o,1,1
emi,c,2,1
emp,e,1,1
ems,t,1,1
ena,c,1,0.3333333333333333
ena,k,1,0.3333333333333333
ena,l,1,0.3333333333333333
enb,a,7,0.5
enb,e,1,0.07142857142857142
enb,o,5,0.35714285714285715
enb,u,1,0.07142857142857142
enc,y,1,1
end,a,3,0.5
end,o,3,0.5
ene,r,4,1
enf,e,2,1
eng,$,2,0.5
eng,e,2,0.5
enh,a,11,0.6470588235294118
enh,o,6,0.35294117647058826
eni,c,1,1
enk,e,1,0.5
enk,n,1,0.5
enm,a,1,1
enn,a,2,0.2857142857142857
enn,b,1,0.14285714285714285
enn,e,1,0.14285714285714285
enn,i,3,0.42857142857142855
enr,e,1,0.5
enr,i,1,0.5
ens,$,1,0.14285714285714285
ens,c,1,0.14285714285714285
ens,d,1,0.14285714285714285
ens,h,2,0.2857142857142857
ens,t,2,0.2857142857142857
ent,a,1,0.08333333333333333
ent,e,2,0.16666666666666666
ent,h,5,0.4166666666666667
ent,s,1,0.08333333333333333
ent,z,3,0.25
enw,a,1,1
enz,$,1,1
epe,r,1,1
epp,a,1,0.25
epp,c,1,0.25
epp,e,2,0.5
eps,c,1,1
ept,f,1,1
era,n,9,1
erb,a,13,0.40625
erb,e,3,0.09375
erb,i,3,0.09375
erb,o,12,0.375
erb,u,1,0.03125
erc,a,1,0.2
erc,h,2,0.4
erc,o,2,0.4
erd,a,8,0.6153846153846154
erd,e,1,0.07692307692307693
erd,i,1,0.07692307692307693
erd,o,3,0.23076923076923078
ere,b,2,0.2
ere,i,3,0.3
ere,n,5,0.5
erf,$,1,0.25
erf,a,1,0.25
erf,e,2,0.5
erg,$,34,0.7906976744186046
erg,e,3,0.06976744186046512
erg,h,1,0.023255813953488372
erg,l,2,0.046511627906976744
erg,p,1,0.023255813953488372
erg,r,2,0.046511627906976744
erh,a,23,0.92
erh,e,1,0.04
erh,o,1,0.04
eri,c,5,0.625
eri,i,1,0.125
eri,n,2,0.25
erj,e,1,1
erk,h,1,0.3333333333333333
erk,l,1,0.3333333333333333
erk,n,1,0.3333333333333333
erl,$,3,0.5
erl,a,1,0.16666666666666666
erl,e,1,0.16666666666666666
erl,o,1,0.16666666666666666
erm,a,1,0.1
erm,h,1,0.1
erm,i,5,0.5
erm,s,1,0.1
erm,u,2,0.2
ern,$,3,0.375
ern,a,3,0.375
ern,s,1,0.125
ern,z,1,0.125
erp,a,2,0.6666666666666666
erp,e,1,0.3333333333333333
err,e,1,1
ers,a,1,0.03225806451612903
ers,b,2,0.06451612903225806
ers,c,19,0.6129032258064516
ers,d,1,0.03225806451612903
ers,h,4,0.12903225806451613
ers,i,1,0.03225806451612903
ers,k,1,0.03225806451612903
ers,t,1,0.03225806451612903
ers,y,1,0.03225806451612903
ert,$,7,0.3888888888888889
ert,c,1,0.05555555555555555
ert,e,3,0.16666666666666666
ert,h,1,0.05555555555555555
ert,r,2,0.1111111111111111
ert,s,2,0.1111111111111111
ert,z,2,0.1111111111111111
erv,a,1,0.5
erv,e,1,0.5
erw,a,5,0.7142857142857143
erw,i,2,0.2857142857142857
esb,a,2,0.4
esb,e,2,0.4
esb,i,1,0.2
esc,h,42,1
esd,o,3,1
ese,l,1,0.3333333333333333
ese,n,1,0.3333333333333333
ese,r,1,0.3333333333333333
esf,u,1,1
esh,a,1,0.5
esh,o,1,0.5
esl,i,1,1
esm,h,2,0.5
esm,i,2,0.5
esp,e,1,1
esq,u,1,1
ess,$,1,0.25
ess,a,1,0.25
ess,e,1,0.25
ess,i,1,0.25
est,r,1,1
eth,$,1,1
etr,a,1,1
ets,c,1,1
ett,$,1,0.05555555555555555
ett,b,1,0.05555555555555555
ett,e,12,0.6666666666666666
ett,i,3,0.16666666666666666
ett,m,1,0.05555555555555555
etz,$,1,0.3333333333333333
etz,d,1,0.3333333333333333
etz,i,1,0.3333333333333333
eud,e,1,0.5
eud,o,1,0.5
eue,r,4,1
eul,$,1,0.16666666666666666
eul,a,1,0.16666666666666666
eul,e,4,0.6666666666666666
eum,h,1,1
eun,h,1,1
euv,r,1,1
eva,n,1,1
eve,l,4,0.5714285714285714
eve,n,2,0.2857142857142857
eve,r,1,0.14285714285714285
evo,i,1,1
ewa,l,1,1
eyd,i,1,1
eye,r,2,1
eyr,e,1,1
eys,e,1,1
faf,f,1,1
far,m,1,1
fbo,e,1,1
feb,i,1,1
fel,d,2,0.2857142857142857
fel,s,2,0.2857142857142857
fel,t,3,0.42857142857142855
fen,n,2,0.4
fen,s,1,0.2
fen,t,2,0.4
fer,d,3,0.75
fer,t,1,0.25
fet,t,1,1
feu,l,3,1
ffb,o,1,1
ffe,l,3,0.5
ffe,n,1,0.16666666666666666
ffe,r,2,0.3333333333333333
ffi,n,1,0.5
ffi,s,1,0.5
ffl,a,1,1
fie,l,1,1
fil,s,1,1
fin,d,2,0.5
fin,g,2,0.5
fis,c,1,0.5
fis,h,1,0.5
fla,n,1,0.3333333333333333
fla,t,1,0.3333333333333333
fla,x,1,0.3333333333333333
fle,b,1,0.5
fle,i,1,0.5
fli,c,1,1
fmi,l,1,1
fns,t,1,1
foe,t,1,1
fol,k,1,0.5
fol,s,1,0.5
fon,t,3,1
foo,s,1,1
for,t,3,1
fos,s,1,1
fou,h,1,1
fra,e,1,0.3333333333333333
fra,n,2,0.6666666666666666
fre,c,1,1
fri,d,2,0.3333333333333333
fri,e,3,0.5
fri,s,1,0.16666666666666666
fro,m,1,0.5
fro,n,1,0.5
fsm,i,1,0.5
fsm,u,1,0.5
ftg,e,1,1
fur,t,1,1
fuu,s,1,1
gaa,l,1,0.5
gaa,r,1,0.5
gai,c,2,1
gan,t,1,1
gar,b,1,0.3333333333333333
gar,e,1,0.3333333333333333
gar,n,1,0.3333333333333333
gas,c,1,0.5
gas,p,1,0.5
geb,i,1,0.3333333333333333
geb,o,1,0.3333333333333333
geb,r,1,0.3333333333333333
geg,r,1,1
geh,a,1,1
gei,e,1,0.5
gei,m,1,0.5
gel,$,2,0.2222222222222222
gel,b,1,0.1111111111111111
gel,d,1,0.1111111111111111
gel,s,4,0.4444444444444444
gel,t,1,0.1111111111111111
gem,$,2,1
gen,$,29,0.90625
gen,a,1,0.03125
gen,b,1,0.03125
gen,h,1,0.03125
ger,$,1,0.1111111111111111
ger,b,4,0.4444444444444444
ger,g,1,0.1111111111111111
ger,h,1,0.1111111111111111
ger,i,1,0.1111111111111111
ger,m,1,0.1111111111111111
ges,$,1,0.3333333333333333
ges,h,1,0.3333333333333333
ges,m,1,0.3333333333333333
gew,a,1,1
gey,e,1,1
gfr,i,1,1
gge,l,1,0.5
gge,n,1,0.5
gha,f,1,1
gig,$,1,1
gil,s,1,1
gir,s,2,1
giv,e,1,1
gla,b,2,1
gli,n,2,1
gne,$,1,1
goa,r,1,1
god,b,1,1
goe,b,2,0.3333333333333333
goe,d,1,0.16666666666666666
goe,l,1,0.16666666666666666
goe,s,1,0.16666666666666666
goe,t,1,0.16666666666666666
gon,d,1,0.5
gon,v,1,0.5
gos,s,1,0.5
gos,t,1,0.5
gou,d,1,1
gpl,a,1,1
gra,l,1,0.3333333333333333
gra,s,1,0.3333333333333333
gra,u,1,0.3333333333333333
gre,i,2,0.2222222222222222
gre,n,3,0.3333333333333333
gre,v,4,0.4444444444444444
gri,n,1,0.5
gri,v,1,0.5
gro,n,2,0.4
gro,s,1,0.2
gro,u,2,0.4
gru,e,1,0.16666666666666666
gru,m,1,0.16666666666666666
gru,n,4,0.6666666666666666
gsd,o,1,1
gsh,a,1,1
gsm,h,1,1
gul,l,1,1
gut,t,1,1
haa,n,1,0.3333333333333333
haa,r,2,0.6666666666666666
hac,h,1,1
hae,r,2,1
haf,f,57,1
hag,e,2,1
hai,s,2,1
hak,e,1,1
hal,$,4,0.5714285714285714
hal,e,1,0.14285714285714285
hal,l,1,0.14285714285714285
hal,t,1,0.14285714285714285
ham,h,1,0.25
ham,i,1,0.25
ham,m,1,0.25
ham,p,1,0.25
han,d,1,1
har,a,2,0.4
har,d,1,0.2
har,l,1,0.2
har,t,1,0.2
has,s,2,1
hau,$,1,0.08333333333333333
hau,p,1,0.08333333333333333
hau,s,8,0.6666666666666666
hau,t,2,0.16666666666666666
hba,a,3,0.42857142857142855
hba,c,4,0.5714285714285714
hbe,r,2,1
hda,l,1,1
hdo,r,2,1
heb,o,1,1
hec,k,5,1
hee,d,2,0.6666666666666666
hee,s,1,0.3333333333333333
hef,f,1,1
hei,d,27,0.7105263157894737
hei,e,4,0.10526315789473684
hei,m,2,0.05263157894736842
hei,n,1,0.02631578947368421
hei,s,4,0.10526315789473684
hel,$,1,0.1111111111111111
hel,a,1,0.1111111111111111
hel,b,3,0.3333333333333333
hel,l,1,0.1111111111111111
hel,m,2,0.2222222222222222
hel,s,1,0.1111111111111111
hem,$,2,0.6666666666666666
hem,s,1,0.3333333333333333
hen,$,8,0.7272727272727273
hen,g,1,0.09090909090909091
hen,r,1,0.09090909090909091
hen,t,1,0.09090909090909091
her,$,5,0.2631578947368421
her,a,2,0.10526315789473684
her,b,3,0.15789473684210525
her,d,2,0.10526315789473684
her,e,1,0.05263157894736842
her,h,2,0.10526315789473684
her,m,1,0.05263157894736842
her,s,1,0.05263157894736842
her,w,2,0.10526315789473684
hes,p,1,1
het,t,5,1
heu,e,4,1
hey,$,1,1
hha,f,6,1
hho,f,1,0.5
hho,l,1,0.5
hic,h,1,1
hie,m,1,0.16666666666666666
hie,n,1,0.16666666666666666
hie,r,4,0.6666666666666666
hif,f,1,1
hil,l,1,0.5
hil,t,1,0.5
him,p,1,1
hin,k,1,0.5
hin,t,1,0.5
hir,z,1,1
hiv,a,1,0.5
hiv,i,1,0.5
hla,n,2,0.6666666666666666
hla,s,1,0.3333333333333333
hle,$,14,0.5384615384615384
hle,i,6,0.23076923076923078
hle,m,1,0.038461538461538464
hle,n,3,0.11538461538461539
hle,r,2,0.07692307692307693
hlh,a,1,1
hli,g,1,0.16666666666666666
hli,n,4,0.6666666666666666
hli,r,1,0.16666666666666666
hme,l,1,0.5
hme,n,1,0.5
hmi,l,1,1
hmt,t,1,1
hne,i,1,0.3333333333333333
hne,n,1,0.3333333333333333
hne,r,1,0.3333333333333333
hob,s,1,1
hoc,k,1,1
hoe,n,1,0.3333333333333333
hoe,r,1,0.3333333333333333
hoe,s,1,0.3333333333333333
hof,$,17,0.8947368421052632
hof,f,2,0.10526315789473684
hoh,w,1,1
hol,l,3,0.3
hol,t,2,0.2
hol,z,5,0.5
hom,m,1,1
hon,d,1,1
hoo,s,1,1
hor,$,1,0.25
hor,a,1,0.25
hor,e,1,0.25
hor,n,1,0.25
hos,c,4,0.6666666666666666
hos,i,1,0.16666666666666666
hos,t,1,0.16666666666666666
hou,b,1,0.14285714285714285
hou,g,1,0.14285714285714285
hou,l,1,0.14285714285714285
hou,s,2,0.2857142857142857
hou,w,2,0.2857142857142857
hov,e,1,1
how,a,1,1
hpe,l,1,1
hra,s,1,1
hre,n,1,1
hrh,a,1,1
hri,s,1,1
hro,d,1,0.5
hro,n,1,0.5
hte,b,1,0.08333333333333333
hte,n,3,0.25
hte,r,8,0.6666666666666666
htg,e,1,1
hth,a,1,1
htm,a,1,1
htt,e,1,1
htu,m,1,1
hub,e,1,1
hue,s,1,0.5
hue,t,1,0.5
hul,d,1,0.5
hul,l,1,0.5
hum,$,4,1
hun,c,1,0.5
hun,s,1,0.5
hup,p,1,1
hut,t,2,1
huu,s,1,1
hwa,c,1,0.5
hwa,l,1,0.5
hwe,b,3,0.6
hwe,i,2,0.4
hwi,d,1,1
ian,d,1,1
ibo,r,1,1
ibu,r,1,1
ich,$,14,0.5
ich,e,8,0.2857142857142857
ich,l,1,0.03571428571428571
ich,t,5,0.17857142857142858
ick,e,3,0.5
ick,r,1,0.16666666666666666
ick,t,1,0.16666666666666666
ick,w,1,0.16666666666666666
idb,a,1,0.5
idb,o,1,0.5
ide,$,1,0.09090909090909091
ide,l,3,0.2727272727272727
ide,n,3,0.2727272727272727
ide,r,3,0.2727272727272727
ide,s,1,0.09090909090909091
idf,e,1,1
idg,e,1,1
idh,a,2,1
idi,n,2,1
idu,e,1,1
idw,e,2,1
ieb,e,1,1
ied,$,1,0.08333333333333333
ied,b,1,0.08333333333333333
ied,e,10,0.8333333333333334
ief,r,1,1
iek,i,1,1
iel,e,1,0.5
iel,s,1,0.5
iem,e,1,0.5
iem,h,1,0.5
ien,$,2,0.5
ien,h,1,0.25
ien,t,1,0.25
ier,$,3,0.08333333333333333
ier,b,3,0.08333333333333333
ier,e,3,0.08333333333333333
ier,g,21,0.5833333333333334
ier,h,3,0.08333333333333333
ier,r,1,0.027777777777777776
ier,s,2,0.05555555555555555
ies,$,1,0.5
ies,e,1,0.5
iev,e,1,1
iff,$,1,0.25
iff,e,2,0.5
iff,l,1,0.25
ifm,i,1,1
ige,l,1,0.5
ige,r,1,0.5
igg,e,1,1
ign,e,1,1
igo,n,1,1
igs,m,1,1
iha,f,1,0.5
iha,i,1,0.5
iho,f,1,1
iic,h,1,1
iis,c,1,1
ile,r,17,0.9444444444444444
ile,s,1,0.05555555555555555
ili,e,1,1
ill,$,2,0.07692307692307693
ill,e,21,0.8076923076923077
ill,i,3,0.11538461538461539
ilm,e,1,1
ils,d,3,1
ilt,z,5,1
ilw,e,2,1
imb,e,1,0.5
imb,r,1,0.5
ime,r,3,0.75
ime,s,1,0.25
imi,l,1,1
imm,e,2,1
imo,n,1,1
imp,a,2,0.6666666666666666
imp,e,1,0.3333333333333333
imu,s,2,1
inb,e,1,1
inc,r,1,1
ind,e,6,0.6666666666666666
ind,h,2,0.2222222222222222
ind,s,1,0.1111111111111111
ine,$,3,0.42857142857142855
ine,r,2,0.2857142857142857
ine,s,2,0.2857142857142857
inf,o,1,1
ing,$,2,0.05714285714285714
ing,e,31,0.8857142857142857
ing,i,1,0.02857142857142857
ing,s,1,0.02857142857142857
inh,e,1,0.5
inh,o,1,0.5
ink,a,1,0.3333333333333333
ink,e,1,0.3333333333333333
ink,l,1,0.3333333333333333
inm,a,1,0.5
inm,h,1,0.5
inq,f,1,1
ins,e,3,0.3333333333333333
ins,f,1,0.1111111111111111
ins,i,1,0.1111111111111111
ins,t,4,0.4444444444444444
int,a,1,0.125
int,e,3,0.375
int,g,2,0.25
int,r,1,0.125
int,s,1,0.125
inv,i,1,1
ipp,a,1,0.25
ipp,e,1,0.25
ipp,i,1,0.25
ipp,w,1,0.25
irb,a,2,0.5
irb,e,1,0.25
irb,i,1,0.25
irc,h,4,1
ire,c,1,0.2
ire,f,1,0.2
ire,l,3,0.6
iri,e,1,1
iro,d,1,1
irs,t,2,1
irt,r,1,1
irz,e,1,1
isa,n,1,1
isb,i,2,1
isc,h,10,1
isd,o,2,1
ise,n,5,1
ish,a,2,1
isp,e,3,1
isr,e,1,1
iss,a,1,0.25
iss,e,3,0.75
ist,n,1,1
isv,i,1,1
isw,a,1,1
ita,l,1,1
ite,r,3,1
ith,u,1,1
iti,t,1,1
itr,a,1,1
itt,i,1,1
itz,i,1,1
iva,n,3,1
ive,l,3,0.5
ive,n,1,0.16666666666666666
ive,r,2,0.3333333333333333
ivi,l,2,1
iwe,l,1,0.25
iwe,n,1,0.25
iwe,r,2,0.5
iwi,s,1,1
izb,o,1,1
ize,r,1,1
jac,o,1,1
jan,g,1,1
jen,g,1,0.5
jen,k,1,0.5
jnk,e,1,1
joc,k,1,1
jon,g,1,1
jou,p,1,1
juc,k,1,1
jun,g,2,1
kaa,s,1,1
kae,l,1,0.5
kae,s,1,0.5
kaf,f,1,1
kah,l,1,1
kal,b,1,0.5
kal,k,1,0.5
kan,g,2,1
kap,e,2,0.6666666666666666
kap,w,1,0.3333333333333333
kau,l,2,0.5
kau,n,1,0.25
kau,t,1,0.25
kay,l,1,1
keb,o,1,1
keh,l,1,0.5
keh,m,1,0.5
kei,s,2,0.6666666666666666
kei,w,1,0.3333333333333333
kel,$,1,0.07142857142857142
kel,b,1,0.07142857142857142
kel,l,1,0.07142857142857142
kel,s,9,0.6428571428571429
kel,t,1,0.07142857142857142
kel,z,1,0.07142857142857142
kem,$,1,1
ken,$,2,0.2
ken,d,1,0.1
ken,e,1,0.1
ken,h,6,0.6
ker,$,4,0.5714285714285714
ker,h,1,0.14285714285714285
ker,i,1,0.14285714285714285
ker,j,1,0.14285714285714285
kes,b,1,0.5
kes,c,1,0.5
kho,l,2,1
kii,s,1,1
kin,g,1,0.5
kin,s,1,0.5
kir,c,4,0.6666666666666666
kir,e,2,0.3333333333333333
kis,b,1,1
kla,n,1,0.5
kla,u,1,0.5
kle,i,3,1
kli,n,1,1
kmi,l,2,1
kmp,c,1,1
kmu,h,1,1
kna,p,3,1
kne,i,1,0.5
kne,p,1,0.5
knu,p,1,1
kob,e,1,1
koc,h,1,0.3333333333333333
koc,k,2,0.6666666666666666
koe,d,1,0.2
koe,n,1,0.2
koe,p,1,0.2
koe,r,1,0.2
koe,t,1,0.2
koh,$,1,1
koo,n,1,1
kop,s,1,1
kra,k,1,0.5
kra,n,1,0.5
kre,i,2,1
kri,n,1,1
krk,e,1,1
kro,d,1,0.5
kro,m,1,0.5
kub,o,1,1
kwe,i,1,1
laa,n,2,1
lab,a,2,1
lai,d,1,0.16666666666666666
lai,n,3,0.5
lai,r,2,0.3333333333333333
lal,l,1,1
lam,a,1,0.5
lam,e,1,0.5
lan,d,3,0.11538461538461539
lan,g,18,0.6923076923076923
lan,k,2,0.07692307692307693
lan,n,3,0.11538461538461539
lar,o,1,1
las,a,1,0.3333333333333333
las,c,1,0.3333333333333333
las,s,1,0.3333333333333333
lat,e,1,0.5
lat,z,1,0.5
lau,$,1,0.16666666666666666
lau,s,4,0.6666666666666666
lau,t,1,0.16666666666666666
lax,w,1,1
laz,$,1,1
lba,a,4,0.5
lba,c,4,0.5
lbe,c,1,0.5
lbe,t,1,0.5
lbi,e,3,1
lbo,r,4,0.6666666666666666
lbo,u,2,0.3333333333333333
lbr,o,1,0.5
lbr,u,1,0.5
lck,e,1,1
lda,n,9,1
ldb,i,2,0.6666666666666666
ldb,r,1,0.3333333333333333
ldh,a,1,1
ldo,r,2,1
ldt,$,1,1
leb,o,2,1
lee,s,2,1
lef,s,1,1
leh,r,1,1
lei,b,1,0.07692307692307693
lei,d,2,0.15384615384615385
lei,f,2,0.15384615384615385
lei,h,1,0.07692307692307693
lei,n,3,0.23076923076923078
lei,t,3,0.23076923076923078
lei,w,1,0.07692307692307693
lel,l,5,1
lem,$,1,0.3333333333333333
lem,e,2,0.6666666666666666
len,$,27,0.7941176470588235
len,b,1,0.029411764705882353
len,d,1,0.029411764705882353
len,f,1,0.029411764705882353
len,g,1,0.029411764705882353
len,n,1,0.029411764705882353
len,s,1,0.029411764705882353
len,t,1,0.029411764705882353
lep,s,1,1
ler,$,26,0.6842105263157895
ler,a,1,0.02631578947368421
ler,b,6,0.15789473684210525
ler,h,1,0.02631578947368421
ler,i,1,0.02631578947368421
ler,t,1,0.02631578947368421
ler,v,2,0.05263157894736842
les,c,2,1
leu,d,1,0.5
leu,v,1,0.5
lev,e,1,1
lez,$,1,1
lfe,r,1,1
lfr,a,1,1
lfs,m,1,1
lge,b,1,1
lha,u,1,1
lhe,i,1,1
lhi,c,1,1
lic,k,1,1
lie,f,1,0.25
lie,l,1,0.25
lie,n,2,0.5
lig,$,3,0.6
lig,e,1,0.2
lig,s,1,0.2
lil,i,1,1
lim,p,2,1
lin,d,4,0.18181818181818182
lin,g,12,0.5454545454545454
lin,s,4,0.18181818181818182
lin,t,1,0.045454545454545456
lin,v,1,0.045454545454545456
lip,p,1,1
lir,b,1,1
liv,a,1,0.5
liv,e,1,0.5
lke,n,1,0.3333333333333333
lke,s,2,0.6666666666666666
lla,i,2,0.4
lla,n,3,0.6
lle,$,4,0.10256410256410256
lle,f,1,0.02564102564102564
lle,n,25,0.6410256410256411
lle,r,8,0.20512820512820512
lle,s,1,0.02564102564102564
llh,i,1,1
lli,g,4,0.3333333333333333
lli,n,7,0.5833333333333334
lli,v,1,0.08333333333333333
lma,r,2,1
lmd,a,1,1
lme,s,1,1
lms,a,1,1
lmu,s,1,1
loc,h,1,1
loe,f,1,1
lon,g,1,0.5
lon,s,1,0.5
loo,r,1,1
lor,e,1,1
los,d,1,1
lpe,r,1,1
lre,s,1,1
lro,d,1,1
lsb,a,1,0.2
lsb,e,1,0.2
lsb,i,1,0.2
lsb,o,2,0.4
lsc,h,11,1
lsd,o,6,1
lse,r,2,1
lsh,a,4,0.8
lsh,o,1,0.2
lsm,i,2,0.5
lsm,u,2,0.5
lta,$,1,1
lte,r,1,1
ltl,i,1,1
ltr,i,1,1
ltw,i,1,1
ltz,$,8,0.7272727272727273
ltz,b,1,0.09090909090909091
ltz,e,1,0.09090909090909091
ltz,h,1,0.09090909090909091
lul,l,1,0.5
lul,t,1,0.5
lum,e,1,1
lus,m,1,1
lux,e,1,1
lva,l,1,0.3333333333333333
lva,n,1,0.3333333333333333
lva,u,1,0.3333333333333333
lve,r,1,1
lwe,l,1,0.3333333333333333
lwe,r,2,0.6666666666666666
lze,m,2,0.6666666666666666
lze,t,1,0.3333333333333333
lzi,n,1,1
lzt,h,1,1
maa,c,1,1
mac,h,3,1
mad,e,1,1
mam,e,1,1
man,d,2,0.5
man,e,1,0.25
man,t,1,0.25
mar,$,1,0.125
mar,b,2,0.25
mar,i,1,0.125
mar,n,1,0.125
mar,s,1,0.125
mar,t,1,0.125
mar,x,1,0.125
mas,s,2,1
mau,l,1,1
mba,t,1,1
mbe,r,2,1
mbo,e,1,0.14285714285714285
mbo,u,6,0.8571428571428571
mbr,i,1,0.5
mbr,o,1,0.5
mda,n,1,1
mec,h,1,1
med,e,1,0.5
med,i,1,0.5
mei,s,1,1
mel,a,1,0.14285714285714285
mel,d,3,0.42857142857142855
mel,s,2,0.2857142857142857
mel,z,1,0.14285714285714285
men,$,1,0.2
men,c,1,0.2
men,s,2,0.4
men,t,1,0.2
mer,$,2,0.09523809523809523
mer,a,2,0.09523809523809523
mer,b,1,0.047619047619047616
mer,f,1,0.047619047619047616
mer,g,1,0.047619047619047616
mer,i,1,0.047619047619047616
mer,k,1,0.047619047619047616
mer,l,3,0.14285714285714285
mer,n,1,0.047619047619047616
mer,s,6,0.2857142857142857
mer,t,2,0.09523809523809523
mes,b,1,0.16666666666666666
mes,c,3,0.5
mes,h,1,0.16666666666666666
mes,s,1,0.16666666666666666
met,$,1,0.5
met,h,1,0.5
mey,s,1,1
mha,f,1,1
mhe,c,1,1
mhl,e,7,1
mho,l,1,1
mic,h,5,1
mie,r,2,1
mil,l,16,1
mis,r,1,1
miv,i,1,1
mla,n,1,1
mll,e,2,1
mme,l,2,0.2857142857142857
mme,r,4,0.5714285714285714
mme,t,1,0.14285714285714285
mmh,e,1,1
mns,b,1,0.5
mns,c,1,0.5
moe,r,1,0.3333333333333333
moe,s,2,0.6666666666666666
mom,p,1,1
mon,d,1,0.5
mon,s,1,0.5
mos,e,1,1
mou,t,1,1
mpa,c,6,1
mpc,h,1,1
mpe,r,2,1
mps,$,1,1
msa,n,1,1
msd,o,1,1
mst,a,1,1
mtt,$,1,1
mue,h,1,1
muh,l,8,1
mun,s,1,1
mus,$,3,1
nac,h,7,0.875
nac,k,1,0.125
nag,e,1,1
nak,e,1,1
nal,$,1,0.5
nal,e,1,0.5
nan,g,2,1
nap,h,1,0.25
nap,o,1,0.25
nap,p,2,0.5
nay,$,1,1
nba,c,7,1
nbe,i,1,0.5
nbe,t,1,0.5
nbi,e,1,1
nbo,r,2,0.4
nbo,u,3,0.6
nbu,s,1,1
nch,e,1,1
nco,l,1,1
ncr,a,1,1
ncy,$,1,1
nda,h,1,0.3333333333333333
nda,l,1,0.3333333333333333
nda,n,1,0.3333333333333333
nde,l,5,0.3333333333333333
nde,n,2,0.13333333333333333
nde,r,8,0.5333333333333333
ndh,a,2,0.5
ndh,o,2,0.5
ndm,u,1,1
ndo,r,5,1
nds,c,2,0.6666666666666666
nds,j,1,0.3333333333333333
ndw,e,2,1
neb,a,1,0.5
neb,o,1,0.5
nei,d,3,0.375
nei,f,1,0.125
nei,h,2,0.25
nei,m,1,0.125
nei,r,1,0.125
nem,$,1,1
nen,$,2,0.6666666666666666
nen,e,1,0.3333333333333333
nep,p,1,1
ner,$,1,0.1111111111111111
ner,b,2,0.2222222222222222
ner,h,1,0.1111111111111111
ner,m,1,0.1111111111111111
ner,s,1,0.1111111111111111
ner,t,2,0.2222222222222222
ner,w,1,0.1111111111111111
nes,$,2,0.6666666666666666
nes,c,1,0.3333333333333333
neu,d,1,0.3333333333333333
neu,m,1,0.3333333333333333
neu,n,1,0.3333333333333333
nev,o,1,1
nfe,l,2,1
nfo,r,1,1
nge,$,85,0.6854838709677419
nge,b,1,0.008064516129032258
nge,g,1,0.008064516129032258
nge,l,5,0.04032258064516129
nge,n,25,0.20161290322580644
nge,r,6,0.04838709677419355
nge,w,1,0.008064516129032258
ngi,g,1,1
ngl,i,1,1
ngs,d,1,0.5
ngs,h,1,0.5
nha,f,11,0.9166666666666666
nha,u,1,0.08333333333333333
nhe,i,1,1
nho,f,6,0.8571428571428571
nho,s,1,0.14285714285714285
nic,h,2,1
nie,d,10,1
nin,g,3,1
niv,e,1,1
nka,n,1,1
nke,l,2,0.4
nke,n,3,0.6
nkl,a,1,1
nkn,a,1,1
nkr,o,1,1
nle,z,1,1
nma,c,2,1
nmh,l,1,1
nna,l,1,0.3333333333333333
nna,n,2,0.6666666666666666
nnb,i,1,1
nne,b,1,0.2
nne,n,2,0.4
nne,s,1,0.2
nne,v,1,0.2
nni,n,3,1
nnt,e,1,1
noc,h,1,1
noe,r,3,1
nom,m,1,1
nos,p,1,1
not,h,1,1
nou,m,1,1
nqf,o,1,1
nre,c,1,1
nri,c,1,1
nsb,a,1,0.5
nsb,i,1,0.5
nsc,h,2,1
nsd,o,3,1
nse,b,1,0.2
nse,l,2,0.4
nse,m,1,0.2
nse,n,1,0.2
nsf,e,1,1
nsg,a,1,1
nsh,a,3,1
nsi,c,1,1
nss,t,1,1
nst,e,8,0.8888888888888888
nst,h,1,0.1111111111111111
nta,i,3,0.5
nta,n,3,0.5
nte,b,1,0.09090909090909091
nte,n,1,0.09090909090909091
nte,r,6,0.5454545454545454
nte,s,3,0.2727272727272727
ntg,e,2,1
nth,a,4,0.8
nth,o,1,0.2
ntp,i,1,1
ntr,a,1,1
nts,$,1,0.5
nts,c,1,0.5
ntz,i,1,0.3333333333333333
ntz,w,2,0.6666666666666666
nup,p,1,1
nve,n,4,1
nvi,l,2,1
nwa,l,1,1
nwe,n,1,1
nze,l,1,0.5
nze,n,1,0.5
oar,d,1,1
obe,n,1,0.08333333333333333
obe,r,11,0.9166666666666666
obr,e,1,1
obs,b,1,0.5
obs,c,1,0.5
och,$,1,0.25
och,e,3,0.75
ock,e,4,0.5
ock,h,1,0.125
ock,m,3,0.375
oda,n,1,1
odb,a,1,0.5
odb,r,1,0.5
ode,n,1,0.14285714285714285
ode,r,3,0.42857142857142855
ode,s,3,0.42857142857142855
odt,$,3,1
oeb,e,1,0.5
oeb,l,1,0.5
oed,a,2,0.5
oed,g,1,0.25
oed,t,1,0.25
oef,t,1,1
oel,d,1,1
oen,e,1,0.25
oen,f,1,0.25
oen,n,2,0.5
oep,p,1,1
oer,c,1,0.16666666666666666
oer,d,1,0.16666666666666666
oer,i,1,0.16666666666666666
oer,s,1,0.16666666666666666
oer,t,2,0.3333333333333333
oes,c,24,0.8
oes,d,3,0.1
oes,e,1,0.03333333333333333
oes,l,1,0.03333333333333333
oes,t,1,0.03333333333333333
oet,r,1,0.25
oet,s,1,0.25
oet,z,2,0.5
oev,a,1,1
off,$,2,0.5
off,e,2,0.5
ohe,y,1,1
ohl,i,1,1
ohw,a,1,1
oie,$,1,1
oin,e,1,1
ois,v,1,1
olb,e,1,1
ole,u,1,1
olf,s,1,1
oli,n,1,1
olk,e,1,1
oll,e,4,0.5714285714285714
oll,i,3,0.42857142857142855
olm,$,1,0.3333333333333333
olm,a,2,0.6666666666666666
olo,n,1,1
olp,e,1,1
ols,$,1,0.5
ols,c,1,0.5
olt,z,3,1
olw,e,1,1
olz,$,3,0.5
olz,e,2,0.3333333333333333
olz,t,1,0.16666666666666666
omb,a,1,0.5
omb,o,1,0.5
omm,$,1,0.14285714285714285
omm,e,5,0.7142857142857143
omm,h,1,0.14285714285714285
omp,a,1,1
ona,y,1,1
onc,o,1,1
ond,e,3,0.6
ond,s,1,0.2
ond,w,1,0.2
ong,e,1,0.5
ong,s,1,0.5
onl,e,1,1
onn,$,2,0.5
onn,a,1,0.25
onn,e,1,0.25
ons,d,1,0.2
ons,e,1,0.2
ons,g,1,0.2
ons,s,1,0.2
ons,t,1,0.2
ont,a,3,0.6
ont,e,1,0.2
ont,p,1,0.2
onv,e,2,0.6666666666666666
onv,i,1,0.3333333333333333
onw,e,1,1
ood,t,1,1
ool,$,1,1
oon,s,1,1
oor,b,1,1
oos,$,1,0.25
oos,e,1,0.25
oos,s,1,0.25
oos,t,1,0.25
ope,n,1,1
ops,t,1,1
ora,s,1,1
orb,i,1,1
ore,n,2,1
orf,$,31,1
orm,e,1,1
orn,$,16,0.9411764705882353
orn,e,1,0.058823529411764705
ors,c,2,1
ort,$,4,1
osb,o,1,1
osc,h,4,1
osd,e,1,1
ose,r,2,1
osi,n,1,1
osp,e,2,0.6666666666666666
osp,o,1,0.3333333333333333
oss,e,3,1
ost,$,1,0.25
ost,e,2,0.5
ost,i,1,0.25
osw,e,1,1
ota,s,1,1
oth,u,1,1
oub,o,1,1
ouc,h,4,1
oud,e,2,0.5
oud,l,2,0.5
ouf,e,1,1
oug,e,1,1
ouh,r,1,1
oul,$,1,0.2
oul,a,1,0.2
oul,b,1,0.2
oul,k,1,0.2
oul,l,1,0.2
oum,e,1,0.5
oum,i,1,0.5
oup,i,1,1
our,$,7,0.35
our,g,11,0.55
our,s,2,0.1
ous,$,2,0.3333333333333333
ous,c,2,0.3333333333333333
ous,e,1,0.16666666666666666
ous,s,1,0.16666666666666666
out,f,1,1
ouw,a,1,0.5
ouw,e,1,0.5
ove,l,1,1
owa,l,1,1
oxh,o,1,1
pac,h,7,1
paf,e,1,1
pal,l,3,1
pan,g,1,1
par,c,1,0.5
par,k,1,0.5
pch,e,2,1
pec,k,1,1
pel,d,2,0.2
pel,l,1,0.1
pel,t,7,0.7
pen,a,1,0.25
pen,d,1,0.25
pen,h,1,0.25
pen,t,1,0.25
pep,p,1,1
per,a,1,0.1
per,d,1,0.1
per,h,1,0.1
per,i,1,0.1
per,l,1,0.1
per,n,1,0.1
per,s,1,0.1
per,t,3,0.3
pes,c,1,1
pet,t,1,1
pfa,f,1,1
pho,s,1,1
pic,h,2,1
pie,r,1,1
pig,$,1,1
pin,t,1,1
pis,s,1,1
pla,n,1,0.3333333333333333
pla,t,1,0.3333333333333333
pla,z,1,0.3333333333333333
ple,i,1,1
pol,o,1,1
pom,m,1,1
pon,t,1,1
por,t,1,1
pot,a,1,1
pou,l,1,1
ppa,c,1,0.5
ppa,n,1,0.5
ppc,h,1,1
ppe,l,1,0.25
ppe,n,1,0.25
ppe,r,2,0.5
ppi,c,1,0.5
ppi,g,1,0.5
ppw,e,1,1
pra,t,1,1
pre,t,1,1
pri,n,1,1
psc,h,1,1
pst,a,1,1
pta,n,1,1
ptf,o,1,1
ptr,u,1,1
pul,v,1,1
put,s,1,1
pwe,i,2,1
qfo,n,1,1
que,n,1,1
rac,h,1,1
rae,m,1,0.5
rae,s,1,0.5
rag,e,2,1
rak,e,2,1
ral,i,1,1
ram,b,1,0.3333333333333333
ram,e,2,0.6666666666666666
ran,d,1,0.038461538461538464
ran,e,1,0.038461538461538464
ran,g,21,0.8076923076923077
ran,n,1,0.038461538461538464
ran,v,2,0.07692307692307693
ras,$,1,0.25
ras,s,3,0.75
rat,t,1,0.5
rat,z,1,0.5
rau,f,1,0.3333333333333333
rau,l,1,0.3333333333333333
rau,t,1,0.3333333333333333
rba,a,10,0.625
rba,c,6,0.375
rbe,c,2,0.4
rbe,r,3,0.6
rbi,c,1,0.2
rbi,e,3,0.6
rbi,l,1,0.2
rbo,e,7,0.5384615384615384
rbo,r,2,0.15384615384615385
rbo,u,4,0.3076923076923077
rbu,c,1,1
rca,n,1,1
rch,$,2,0.25
rch,a,1,0.125
rch,b,1,0.125
rch,e,4,0.5
rco,r,2,1
rda,l,1,0.125
rda,n,7,0.875
rde,n,1,0.5
rde,r,1,0.5
rdi,c,1,1
rdm,e,1,1
rdo,n,2,0.6666666666666666
rdo,r,1,0.3333333333333333
rdt,$,1,1
reb,i,2,0.6666666666666666
reb,o,1,0.3333333333333333
rec,h,2,0.2857142857142857
rec,k,5,0.7142857142857143
red,a,1,0.3333333333333333
red,i,2,0.6666666666666666
ref,o,1,1
reh,o,1,1
rei,$,1,0.0625
rei,b,1,0.0625
rei,c,1,0.0625
rei,d,3,0.1875
rei,m,1,0.0625
rei,n,1,0.0625
rei,s,4,0.25
rei,t,1,0.0625
rei,v,1,0.0625
rei,z,2,0.125
rel,$,1,0.16666666666666666
rel,b,2,0.3333333333333333
rel,d,1,0.16666666666666666
rel,s,2,0.3333333333333333
rem,e,1,0.3333333333333333
rem,i,2,0.6666666666666666
ren,$,7,0.4666666666666667
ren,b,1,0.06666666666666667
ren,d,1,0.06666666666666667
ren,g,1,0.06666666666666667
ren,s,2,0.13333333333333333
ren,t,2,0.13333333333333333
ren,z,1,0.06666666666666667
res,c,1,0.5
res,m,1,0.5
ret,t,2,1
reu,l,2,1
rev,e,4,1
rfa,r,1,1
rfe,u,2,1
rge,m,1,0.3333333333333333
rge,n,1,0.3333333333333333
rge,s,1,0.3333333333333333
rgf,r,1,1
rgh,a,1,1
rgl,a,2,0.6666666666666666
rgl,i,1,0.3333333333333333
rgp,l,1,1
rgr,o,1,0.5
rgr,u,1,0.5
rha,f,21,0.875
rha,i,1,0.041666666666666664
rha,r,1,0.041666666666666664
rha,s,1,0.041666666666666664
rhe,c,1,1
rho,f,1,1
ric,h,6,1
rid,b,1,0.3333333333333333
rid,e,1,0.3333333333333333
rid,h,1,0.3333333333333333
rie,$,1,0.14285714285714285
rie,d,2,0.2857142857142857
rie,m,1,0.14285714285714285
rie,n,1,0.14285714285714285
rie,r,1,0.14285714285714285
rie,s,1,0.14285714285714285
rii,c,1,1
ril,l,1,1
rin,d,2,0.2
rin,g,4,0.4
rin,k,2,0.2
rin,t,2,0.2
rip,p,2,1
ris,a,1,0.5
ris,t,1,0.5
riv,e,1,1
rje,n,1,1
rke,l,1,0.5
rke,n,1,0.5
rkh,o,1,1
rkl,a,1,1
rkn,a,1,1
rla,n,2,1
rle,n,1,1
rlo,c,1,1
rma,n,1,1
rme,l,1,0.5
rme,r,1,0.5
rmh,l,1,1
rmi,l,5,1
rms,d,1,1
rmu,e,1,0.5
rmu,h,1,0.5
rna,c,4,1
rne,r,1,1
rni,c,1,1
rns,t,1,1
rnz,e,1,1
roc,h,1,1
rod,a,1,0.09090909090909091
rod,b,1,0.09090909090909091
rod,e,7,0.6363636363636364
rod,t,2,0.18181818181818182
roe,d,2,0.6666666666666666
roe,s,1,0.3333333333333333
rof,f,1,1
roi,n,1,0.5
roi,s,1,0.5
rol,l,3,1
rom,b,1,0.5
rom,m,1,0.5
ron,a,1,0.25
ron,d,1,0.25
ron,n,2,0.5
roo,d,1,0.3333333333333333
roo,s,2,0.6666666666666666
ros,b,1,0.5
ros,p,1,0.5
rou,c,3,0.42857142857142855
rou,d,1,0.14285714285714285
rou,l,1,0.14285714285714285
rou,s,2,0.2857142857142857
rpa,l,2,1
rpe,l,1,1
rre,$,1,1
rsa,n,1,1
rsb,e,2,1
rsc,h,23,1
rsd,o,3,1
rsh,a,2,0.5
rsh,o,2,0.5
rsi,t,1,1
rsk,i,1,1
rsp,e,1,1
rst,$,1,0.3333333333333333
rst,e,2,0.6666666666666666
rsy,r,1,1
rtc,h,1,1
rte,l,1,0.25
rte,r,3,0.75
rth,a,2,1
rtr,a,3,1
rts,b,1,0.5
rts,m,1,0.5
rtz,a,1,0.5
rtz,i,1,0.5
ruc,h,2,0.6666666666666666
ruc,k,1,0.3333333333333333
rue,c,1,0.5
rue,f,1,0.5
rum,e,2,0.6666666666666666
rum,l,1,0.3333333333333333
run,d,4,1
rus,s,1,1
rva,u,1,1
rve,$,1,1
rwa,l,3,0.6
rwa,m,2,0.4
rwi,l,2,1
rxb,e,1,1
rze,n,1,1
sae,u,1,1
san,d,1,0.125
san,e,1,0.125
san,g,6,0.75
sas,s,1,1
sau,e,1,0.5
sau,v,1,0.5
sav,e,1,1
sba,c,4,1
sbe,c,1,0.14285714285714285
sbe,l,1,0.14285714285714285
sbe,r,5,0.7142857142857143
sbi,c,1,0.16666666666666666
sbi,e,5,0.8333333333333334
sbo,e,2,0.6666666666666666
sbo,u,1,0.3333333333333333
sch,$,31,0.20666666666666667
sch,a,2,0.013333333333333334
sch,b,8,0.05333333333333334
sch,d,3,0.02
sch,e,50,0.3333333333333333
sch,h,7,0.04666666666666667
sch,i,6,0.04
sch,l,12,0.08
sch,m,3,0.02
sch,n,1,0.006666666666666667
sch,o,5,0.03333333333333333
sch,p,1,0.006666666666666667
sch,r,3,0.02
sch,t,9,0.06
sch,u,2,0.013333333333333334
sch,w,7,0.04666666666666667
sde,l,1,1
sdo,r,20,1
seb,i,1,0.3333333333333333
seb,o,2,0.6666666666666666
sei,t,1,1
sek,a,1,1
sel,$,5,0.3333333333333333
sel,b,3,0.2
sel,d,2,0.13333333333333333
sel,e,2,0.13333333333333333
sel,s,2,0.13333333333333333
sel,t,1,0.06666666666666667
sem,b,2,1
sen,$,13,0.5416666666666666
sen,b,5,0.20833333333333334
sen,h,4,0.16666666666666666
sen,n,2,0.08333333333333333
sep,t,1,1
ser,$,2,0.25
ser,b,2,0.25
ser,h,3,0.375
ser,k,1,0.125
sfe,l,1,1
sfu,r,1,1
sga,a,1,1
sgo,a,1,1
sha,$,1,0.07142857142857142
sha,f,11,0.7857142857142857
sha,u,2,0.14285714285714285
sho,f,5,1
sic,k,1,1
sie,b,1,1
sig,$,1,1
sim,m,2,0.6666666666666666
sim,o,1,0.3333333333333333
sin,g,2,1
sit,i,1,1
sja,n,1,1
ski,r,1,1
sli,n,1,1
smh,l,4,1
smi,l,5,1
smu,h,4,1
sol,e,1,1
som,m,1,1
son,l,1,1
spe,l,6,0.6666666666666666
spe,r,3,0.3333333333333333
spo,r,1,1
spr,i,1,1
squ,e,1,1
sre,h,1,1
ssa,n,2,1
sse,$,1,0.047619047619047616
sse,b,1,0.047619047619047616
sse,k,1,0.047619047619047616
sse,l,9,0.42857142857142855
sse,n,7,0.3333333333333333
sse,r,2,0.09523809523809523
ssg,o,1,1
ssi,g,1,0.5
ssi,n,1,0.5
sst,c,1,1
sta,d,1,0.25
sta,e,1,0.25
sta,l,2,0.5
stc,k,1,1
ste,e,1,0.05555555555555555
ste,g,1,0.05555555555555555
ste,i,4,0.2222222222222222
ste,n,2,0.1111111111111111
ste,r,10,0.5555555555555556
sth,u,1,1
sti,n,1,1
stn,a,1,1
sto,c,1,0.3333333333333333
sto,l,1,0.3333333333333333
sto,o,1,0.3333333333333333
str,a,1,0.3333333333333333
str,o,2,0.6666666666666666
stu,p,1,1
sur,r,1,1
svi,e,1,1
swa,m,1,1
swe,i,1,1
syr,e,3,1
tad,l,1,0.5
tad,t,1,0.5
tae,k,1,1
tai,n,3,1
tal,$,2,0.6666666666666666
tal,i,1,0.3333333333333333
tan,d,1,0.14285714285714285
tan,g,6,0.8571428571428571
tar,c,1,1
tas,c,1,1
tat,t,1,1
tbe,l,1,1
tbo,r,1,1
tbr,e,1,1
tch,a,1,0.5
tch,e,1,0.5
tck,$,1,1
teb,i,1,0.3333333333333333
teb,o,2,0.6666666666666666
tee,n,1,1
teg,e,1,1
tei,n,4,1
tel,$,1,0.25
tel,b,2,0.5
tel,i,1,0.25
tem,b,1,1
ten,$,3,0.3333333333333333
ten,b,3,0.3333333333333333
ten,d,2,0.2222222222222222
ten,w,1,0.1111111111111111
ter,$,5,0.1388888888888889
ter,b,6,0.16666666666666666
ter,d,1,0.027777777777777776
ter,e,1,0.027777777777777776
ter,g,1,0.027777777777777776
ter,h,10,0.2777777777777778
ter,k,1,0.027777777777777776
ter,m,2,0.05555555555555555
ter,n,3,0.08333333333333333
ter,s,1,0.027777777777777776
ter,t,5,0.1388888888888889
tes,c,1,0.3333333333333333
tes,m,2,0.6666666666666666
tfo,n,1,0.5
tfo,r,1,0.5
tge,n,1,0.25
tge,r,1,0.25
tge,s,2,0.5
tha,f,1,0.14285714285714285
tha,l,5,0.7142857142857143
tha,u,1,0.14285714285714285
the,m,1,1
thi,l,1,1
tho,r,1,1
thu,m,4,1
tig,$,1,1
tin,g,4,0.6666666666666666
tin,t,2,0.3333333333333333
tit,$,1,1
tla,n,1,1
tli,n,1,1
tma,n,1,1
tme,t,1,1
tna,c,1,1
toc,k,2,1
tol,z,1,1
tom,m,1,1
too,l,1,1
tpi,e,1,1
tra,n,8,0.8888888888888888
tra,s,1,0.1111111111111111
tre,t,1,1
tri,e,1,0.5
tri,n,1,0.5
tro,f,1,0.25
tro,i,2,0.5
tro,o,1,0.25
tru,s,1,1
tsb,e,1,1
tsc,h,5,1
tsm,u,1,1
tta,n,2,1
ttb,o,1,1
tte,$,6,0.375
tte,b,1,0.0625
tte,l,3,0.1875
tte,m,1,0.0625
tte,n,1,0.0625
tte,r,4,0.25
tti,g,1,0.25
tti,n,3,0.75
ttl,a,1,1
ttm,e,1,1
ttr,a,1,1
tub,i,1,1
tum,$,1,1
tun,t,1,1
tup,p,1,1
tur,e,1,1
twi,e,1,1
tza,n,1,1
tzb,e,1,0.5
tzb,o,1,0.5
tzd,o,1,1
tze,r,1,1
tzh,a,1,1
tzi,g,2,0.5
tzi,n,2,0.5
tzw,e,2,1
ube,r,1,1
ubi,s,1,1
ubo,e,1,0.5
ubo,r,1,0.5
uch,$,6,0.75
uch,h,1,0.125
uch,t,1,0.125
uck,$,1,0.5
uck,e,1,0.5
ude,l,3,0.5
ude,n,1,0.16666666666666666
ude,r,2,0.3333333333333333
udl,e,2,1
udo,r,1,1
ueb,e,1,1
uec,h,2,1
uef,$,1,1
ueh,l,1,1
uen,h,1,1
uer,$,4,0.5
uer,b,1,0.125
uer,f,1,0.125
uer,g,1,0.125
uer,s,1,0.125
ues,$,1,0.5
ues,c,1,0.5
uet,t,1,1
ufe,r,1,1
uff,e,1,1
ufo,r,1,1
uge,l,1,0.5
uge,r,1,0.5
uhl,$,1,0.125
uhl,e,7,0.875
uhr,e,1,1
ula,i,1,0.5
ula,n,1,0.5
ulb,e,1,1
uld,a,1,1
ule,n,3,0.75
ule,r,1,0.25
uli,n,1,1
ulk,e,1,1
ull,a,1,0.25
ull,e,1,0.25
ull,i,2,0.5
ult,z,1,1
ulu,s,1,1
ulv,e,1,1
ume,l,2,0.5
ume,n,1,0.25
ume,r,1,0.25
umh,l,1,1
umi,l,1,1
uml,a,1,1
unc,h,1,1
und,$,2,0.3333333333333333
und,h,1,0.16666666666666666
und,m,1,0.16666666666666666
und,o,2,0.3333333333333333
ung,e,1,0.5
ung,l,1,0.5
unh,a,1,1
uni,v,1,1
unk,r,1,1
uns,d,1,0.5
uns,h,1,0.5
unt,a,1,0.3333333333333333
unt,e,2,0.6666666666666666
upe,s,1,1
upi,c,1,1
upp,$,1,0.3333333333333333
upp,e,1,0.3333333333333333
upp,i,1,0.3333333333333333
ura,n,1,1
urd,e,1,1
ure,b,1,0.5
ure,l,1,0.5
urg,$,10,0.8333333333333334
urg,f,1,0.08333333333333333
urg,l,1,0.08333333333333333
urm,e,1,1
urr,$,1,1
urs,c,1,0.3333333333333333
urs,d,1,0.3333333333333333
urs,p,1,0.3333333333333333
urt,$,1,1
usc,h,7,1
usd,o,1,1
use,b,1,0.09090909090909091
use,l,1,0.09090909090909091
use,n,8,0.7272727272727273
use,r,1,0.09090909090909091
ush,o,1,1
usm,h,1,1
uss,e,3,1
utb,e,1,1
utc,h,1,1
ute,n,1,0.5
ute,r,1,0.5
utf,o,1,1
uth,e,1,1
uts,c,1,1
utt,a,1,0.3333333333333333
utt,l,1,0.3333333333333333
utt,r,1,0.3333333333333333
uur,g,1,1
uus,c,1,0.5
uus,s,1,0.5
uva,g,1,1
uvr,e,1,1
uwa,l,1,1
uwe,i,1,1
uxe,m,1,1
vag,e,1,1
val,$,1,1
van,g,5,1
vau,x,2,1
vel,a,2,0.2222222222222222
vel,b,1,0.1111111111111111
vel,d,1,0.1111111111111111
vel,s,5,0.5555555555555556
ven,$,4,0.5714285714285714
ven,i,1,0.14285714285714285
ven,k,1,0.14285714285714285
ven,m,1,0.14285714285714285
ver,$,1,0.25
ver,l,1,0.25
ver,m,1,0.25
ver,s,1,0.25
ves,q,1,1
via,n,1,1
vic,h,1,1
vie,r,1,1
vig,n,1,1
vil,l,4,1
voi,e,1,1
vre,$,1,1
vug,e,1,1
wac,h,1,1
wah,l,2,1
wak,e,1,1
wal,d,12,0.8571428571428571
wal,f,1,0.07142857142857142
wal,s,1,0.07142857142857142
wam,p,3,1
wan,d,1,1
war,k,2,1
was,s,1,1
wat,r,1,0.5
wat,s,1,0.5
web,a,1,0.25
web,e,1,0.25
web,i,1,0.25
web,s,1,0.25
wec,k,1,1
wei,c,2,0.08
wei,d,1,0.04
wei,l,17,0.68
wei,m,2,0.08
wei,s,3,0.12
wel,a,1,0.14285714285714285
wel,b,1,0.14285714285714285
wel,f,1,0.14285714285714285
wel,l,2,0.2857142857142857
wel,s,2,0.2857142857142857
wem,p,1,1
wen,e,1,0.5
wen,h,1,0.5
wer,$,1,0.25
wer,b,1,0.25
wer,d,1,0.25
wer,w,1,0.25
wey,d,1,0.5
wey,e,1,0.5
wic,k,2,1
wid,e,1,1
wie,s,1,1
wil,m,1,0.14285714285714285
wil,t,4,0.5714285714285714
wil,w,2,0.2857142857142857
win,c,1,0.25
win,d,1,0.25
win,s,1,0.25
win,t,1,0.25
wis,c,1,1
wob,r,1,1
wol,f,1,0.2
wol,l,1,0.2
wol,p,1,0.2
wol,t,1,0.2
wol,w,1,0.2
wor,m,1,1
wou,l,1,1
wue,s,1,1
xbe,r,1,1
xem,b,1,1
xho,r,1,1
xwe,i,1,1
yas,h,1,1
ydi,g,1,1
yer,$,1,0.5
yer,s,1,0.5
yre,$,1,0.25
yre,n,3,0.75
yse,m,1,1
zaa,n,1,1
zae,p,1,1
zan,g,1,1
zbe,r,1,1
zbo,e,1,0.5
zbo,u,1,0.5
zdo,r,1,1
zeb,i,1,1
zel,t,1,1
zem,$,1,0.5
zem,b,1,0.5
zen,$,1,0.5
zen,h,1,0.5
zer,b,1,0.5
zer,m,1,0.5
zet,t,1,1
zha,u,1,1
zig,$,2,1
zin,g,3,1
zit,t,1,1
zth,u,1,1
zwe,i,2,1
